在MSQL workbench中zzh2数据库中新建表dianying并插入数据。

select * from  dianying;
+--------------+--------------+------+---------+
| name         | daoyan       | year | pingfen |
+--------------+--------------+------+---------+
| 你的名字     | 新海诚       | 2016 | 9.1     |
| 咒怨2        | 清水崇       | 2006 | 6.3     |
| 巨齿鲨       | 乔德特杜巴   | 2018 | 8.0     |
| 法医秦明     | 卫立洲       | 2018 | 7.0     |
| 看不见的客人 | 奥里奥尔保罗 | 2017 | 8.8     |
+--------------+--------------+------+---------+

 select * from dianying where name like '%咒怨2%';
+-------+--------+------+---------+
| name  | daoyan | year | pingfen |
+-------+--------+------+---------+
| 咒怨2 | 清水崇 | 2006 | 6.3     |
+-------+--------+------+---------+
1 row in set (0.00 sec)


select * from dianying where daoyan like '%奥里奥尔保罗%';
+--------------+--------------+------+---------+
| name         | daoyan       | year | pingfen |
+--------------+--------------+------+---------+
| 看不见的客人 | 奥里奥尔保罗 | 2017 | 8.8     |
+--------------+--------------+------+---------+
1 row in set (0.00 sec)


select * from dianying where year like '2018';
+----------+------------+------+---------+
| name     | daoyan     | year | pingfen |
+----------+------------+------+---------+
| 巨齿鲨   | 乔德特杜巴 | 2018 | 8.0     |
| 法医秦明 | 卫立洲     | 2018 | 7.0     |
+----------+------------+------+---------+
2 rows in set (0.00 sec)


select * from dianying where pingfen like '9.1';
+----------+--------+------+---------+
| name     | daoyan | year | pingfen |
+----------+--------+------+---------+
| 你的名字 | 新海诚 | 2016 | 9.1     |
+----------+--------+------+---------+
1 row in set (0.00 sec)

